{
    "produkter": [
        {
            "id": 1,
            "image": "./assets/img2/HomeSlideshow.png",
            "title": "YAMAHA R-N402 NETWORK HIFI RECIVER",
            "text": "Yamaha",
            "price": "£329.00",
            "sale": "yes",
            "available": "yes"
        },
        {
            "id": 2,
            "image": "./assets/img2/HomeSlideshow.png",
            "title": "ROTEL A10 STEREO",
            "text": "spaninen text",
            "price": "£329.00",
            "sale": "no",
            "available": "no"
        },
        {
            "id": 3,
            "image": "andalucia.webp",
            "title": "Spaninen title",
            "price": "£120",
            "sale": "no"
        },
        {
            "id": 4,
            "image": "./assets/img2/HomeSlideshow.png",
            "title": "PRIMALUNA SOUNDS",
            "text": "spaninen text",
            "price": "£120",
            "sale": "no"
        },
        {
            "id": 5,
            "image": "andalucia.webp",
            "title": "Spaninen title",
            "price": "£120",
            "sale": "no"
        },
        {
            "id": 6,
            "image": "andalucia.webp",
            "title": "Spaninen title",
            "price": "£120",
            "sale": "no"
        },
        {
            "id": 7,
            "image": "./assets/img2/HomeSlideshow.png",
            "title": "PRIMALUNA SOUNDS",
            "text": "spaninen text",
            "price": "£120",
            "sale": "no"
        },
        {
            "id": 8,
            "image": "andalucia.webp",
            "title": "Spaninen title",
            "price": "£120",
            "sale": "no"
        },
        {
            "id": 9,
            "image": "andalucia.webp",
            "title": "Spaninen title",
            "price": "£120",
            "sale": "no"
        }
    ]
}